CDC_PolicyPeriod_BranchID,JobNumber,JobType,EditEffectiveDate,SliceEndDate,TransactionProcessedDate,TransactionStartedDate,ChangeReason,QuoteCreationDate,RatingDate,TotalFullTermPremium,HasLossOnOrAfterEffDate,CreatedBy,etl_create_dts,etl_cycle_id,json_id,PolicySliceID,PolicyID
38726,283438593,Submission,2021-01-06T08:01:00.000Z,2021-07-06T07:01:00.000Z,2021-01-06T17:51:05.372Z,2021-01-06T17:49:58.800Z,,2021-01-06T17:49:58.000Z,2021-01-06T08:01:00.000Z,5770.8,,QINE1P@msaqa.local,now,cycle id,json id,id,id
38726,283438593,Submission,2021-01-06T08:01:00.000Z,2021-07-06T07:01:00.000Z,2021-01-06T17:51:05.372Z,2021-01-06T17:49:58.800Z,,2021-01-06T17:49:58.000Z,2021-01-06T08:01:00.000Z,5770.8,,QINE1P@msaqa.local,now,cycle id,json id,id,id
38726,283438593,Submission,2021-01-06T08:01:00.000Z,2021-07-06T07:01:00.000Z,2021-01-06T17:51:05.372Z,2021-01-06T17:49:58.800Z,,2021-01-06T17:49:58.000Z,2021-01-06T08:01:00.000Z,5770.8,,QINE1P@msaqa.local,now,cycle id,json id,id,id
38726,283438593,Submission,2021-01-06T08:01:00.000Z,2021-07-06T07:01:00.000Z,2021-01-06T17:51:05.372Z,2021-01-06T17:49:58.800Z,,2021-01-06T17:49:58.000Z,2021-01-06T08:01:00.000Z,5770.8,,QINE1P@msaqa.local,now,cycle id,json id,id,id
